n_trgts,p2,mean_fid,std_fid
6,0.005,0.7534021413028836,0.00983880185269049
6,0.003,0.843074608848576,0.008459200995795408
6,0.001,0.9451519948431067,0.005248846930109666
