n_trgts,p2,mean_fid,std_fid
3,0.001,0.00630244474095821,0.017555044315300607
