n_trgts,p2,mean_fid,std_fid
2,0.001,0.9868981793961588,0.002567660325537988
2,0.003,0.9611892135859387,0.004082018317540147
2,0.005,0.9364694012951726,0.00519745734576288
