n_trgts,p2,mean_fid,std_fid
2,0.001,0.9861182230804053,0.002715427451413597
2,0.003,0.962004883103601,0.0032360581463938233
2,0.005,0.9380901606259476,0.00401838422550014
