mean_fid,std_fid
0.07038739334802364,0.23840639052921922
